titles,locations,salaries,dates
Разработчик 1С (Биллинг),"Москва,",по договоренности,Вакансия опубликована 5 декабря 2022
Главный системный аналитик/Team Lead System Analyst,"Москва,",по договоренности,Вакансия опубликована 5 декабря 2022
Главный специалист по управлению рисками (Аналитик),"Москва,",по договоренности,Вакансия опубликована 5 декабря 2022
QA Team Lead (Руководитель группы QA),"Москва,",по договоренности,Вакансия опубликована 5 декабря 2022
Бизнес- Аналитик (Партнерское направление),"Москва,",по договоренности,Вакансия опубликована 5 декабря 2022
Бизнес- Аналитик (OMS),"Москва,",по договоренности,Вакансия опубликована 5 декабря 2022
Бизнес-аналитик,"Москва,",до 148 000 руб.,Вакансия опубликована 5 декабря 2022
Java-разработчик,"Москва,",по договоренности,Вакансия опубликована 5 декабря 2022
Веб разработчик / Web developer,"Москва,",по договоренности,Вакансия опубликована 5 декабря 2022
Аналитик отдела контроля качества,"Москва,",до 100 000 руб.,Вакансия опубликована 5 декабря 2022
Системный аналитик (дистанционно),"Москва,",до 230 000 руб.,Вакансия опубликована 5 декабря 2022
"Системный администратор Linux (г. Ялта, Республика Крым)","Москва,",по договоренности,Вакансия опубликована 5 декабря 2022
Аналитик QlikSense,"Москва,",по договоренности,Вакансия опубликована 19 декабря 2022
Devops инженер,"Москва,",по договоренности,Вакансия опубликована 20 декабря 2022
Delivery Lead (Цифровой кредитный мониторинг),"Москва,",по договоренности,Вакансия опубликована 20 декабря 2022
Data Engineer / ML Engineer,"Москва,",по договоренности,Вакансия опубликована 20 декабря 2022
Middle Frontend разработчик (React),"Москва,",по договоренности,Вакансия опубликована 20 декабря 2022
Ведущий системный аналитик,"Москва,",по договоренности,Вакансия опубликована 20 декабря 2022
Системный аналитик в команду омниканальных контактных центров,"Москва,",по договоренности,Вакансия опубликована 20 декабря 2022
Финансовый аналитик по работе с проблемными активами,"Москва,",по договоренности,Вакансия опубликована 20 декабря 2022
Фармацевт-провизор сутки,"Москва,",от 70 000 руб.,Вакансия опубликована 19 октября 2022
Фармацевт-провизор,"Москва,",от 55 000 руб.,Вакансия опубликована 19 октября 2022
,,,Вакансия опубликована 21 октября 2022
Менеджер по оптовым продажам,"Москва,",60 000 — 100 000 руб.,Вакансия опубликована 25 октября 2022
Менеджер по транспорту,"Москва,",70 000 — 80 000 руб.,Вакансия опубликована 25 октября 2022
Менеджер клиентского сервиса,"Москва,",до 35 000 руб.,Вакансия опубликована 26 октября 2022
,,,Вакансия опубликована 31 октября 2022
,,,Вакансия опубликована 15 сентября 2022
,,,Вакансия опубликована 26 сентября 2022
Специалист по логистике,"Москва,",по договоренности,Вакансия опубликована 3 ноября 2022
Механик производственной линии,"Москва,",от 67 000 руб.,Вакансия опубликована 3 ноября 2022
Воспитатель,"Москва,",60 000 руб.,Вакансия опубликована 8 ноября 2022
,,,Вакансия опубликована 9 ноября 2022
Водитель-экспедитор категории Е,"Москва,",по договоренности,Вакансия опубликована 9 ноября 2022
Машинист экскаватора с вибропогружателем,"Москва,",по договоренности,Вакансия опубликована 15 ноября 2022
,,,Вакансия опубликована 15 ноября 2022
,,,Вакансия опубликована 15 ноября 2022
Инженер ПТО участка общестроительных работ,"Москва,",по договоренности,Вакансия опубликована 15 ноября 2022
Разнорабочий на пищевое производство / Помощник мастера,"Москва,",37 000 — 50 000 руб.,Вакансия опубликована 15 ноября 2022
Управляющая студией загара,"Москва,",60 000 — 80 000 руб.,Вакансия опубликована 15 ноября 2022
Senior Java-разработчик,"Москва,",по договоренности,Вакансия опубликована 1 декабря 2022
Разработчик ПО (backend-разработчик на Java),"Москва,",по договоренности,Вакансия опубликована 1 декабря 2022
Руководитель группы java разработчиков,"Москва,",по договоренности,Вакансия опубликована 5 декабря 2022
Java разработчик (проект ГАК),"Москва,",по договоренности,Вакансия опубликована 5 декабря 2022
Middle C# разработчик (удаленно),"Москва,",по договоренности,Вакансия опубликована 5 декабря 2022
Frontend Developer (Vue),"Москва,",по договоренности,Вакансия опубликована 5 декабря 2022
Разработчик 1С,"Москва,",по договоренности,Вакансия опубликована 5 декабря 2022
DevOps инженер,"Москва,",до 325 000 руб.,Вакансия опубликована 5 декабря 2022
Аналитик в мобильную рекламу / Mobile analyst,"Москва,",по договоренности,Вакансия опубликована 5 декабря 2022
Программист Python (дистанционно),"Москва,",до 230 000 руб.,Вакансия опубликована 5 декабря 2022
Разработчик C# (.Net),"Москва,",по договоренности,Вакансия опубликована 15 декабря 2022
PHP-разработчик,"Москва,",по договоренности,Вакансия опубликована 15 декабря 2022
PHP developer,"Москва,",по договоренности,Вакансия опубликована 15 декабря 2022
Системный инженер (SaaS),"Москва,",по договоренности,Вакансия опубликована 15 декабря 2022
Инженер - разработчик Ruby (Unity),"Москва,",по договоренности,Вакансия опубликована 15 декабря 2022
Системный инженер в инфраструĸтурную группу (DevOps),"Москва,",по договоренности,Вакансия опубликована 15 декабря 2022
Mid+/ Sr Backend Developer (PHP),"Москва,",по договоренности,Вакансия опубликована 15 декабря 2022
Frontend react developer (remote),"Москва,",по договоренности,Вакансия опубликована 15 декабря 2022
DevOps Engineer,"Москва,",по договоренности,Вакансия опубликована 15 декабря 2022
Системный архитектор (Отдел методологии IT),"Москва,",по договоренности,Вакансия опубликована 15 декабря 2022
Повар в школу,"Москва,",от 50 000 руб.,Вакансия опубликована 24 ноября 2022
Укладчик-упаковщик на производство арахиса,"Москва,",от 72 000 руб.,Вакансия опубликована 24 ноября 2022
Упаковщик печенья,"Москва,",от 73 000 руб.,Вакансия опубликована 24 ноября 2022
Упаковщик-фасовщик сухариков,"Москва,",от 73 000 руб.,Вакансия опубликована 24 ноября 2022
Упаковщик булочек (Вахта),"Москва,",от 70 000 руб.,Вакансия опубликована 24 ноября 2022
Сборщик на склад кофе (Вахта),"Москва,",от 73 000 руб.,Вакансия опубликована 24 ноября 2022
Бармен,"Москва,",60 000 — 67 999 руб.,Вакансия опубликована 24 ноября 2022
Укладчик-упаковщик сыра (вахта),"Москва,",от 71 000 руб.,Вакансия опубликована 24 ноября 2022
Стикеровщик на склад детского питания (Вахта),"Москва,",от 73 500 руб.,Вакансия опубликована 24 ноября 2022
Маркировщик - стикеровщик фруктов на склад (Вахта),"Москва,",от 73 500 руб.,Вакансия опубликована 24 ноября 2022
Комплектовщик мягких игрушек,"Москва,",от 75 000 руб.,Вакансия опубликована 24 ноября 2022
Стикеровщик Мармелада (вахта),"Москва,",до 230 000 руб.,Вакансия опубликована 24 ноября 2022
Упаковщики творожков (вахта),"Москва,",до 265 000 руб.,Вакансия опубликована 24 ноября 2022
Упаковщик лимонов (Вахта),"Москва,",от 73 000 руб.,Вакансия опубликована 24 ноября 2022
Упаковщик теплой одежды,"Москва,",от 65 000 руб.,Вакансия опубликована 24 ноября 2022
Упаковщик-фасовщик семечек (Вахта),"Москва,",от 74 000 руб.,Вакансия опубликована 24 ноября 2022
Упаковщик/ца на склад фисташек,"Москва,",от 72 500 руб.,Вакансия опубликована 24 ноября 2022
Маркировщик электроники,"Москва,",до 245 000 руб.,Вакансия опубликована 24 ноября 2022
Упаковщик/ца колбасы (вахта),"Москва,",от 75 000 руб.,Вакансия опубликована 24 ноября 2022
Упаковщик чехлов (вахта),"Москва,",до 255 000 руб.,Вакансия опубликована 24 ноября 2022
Укладчик-упаковщик сыра (вахта),"Москва,",от 71 000 руб.,Вакансия опубликована 24 ноября 2022
Стикеровщик на склад детского питания (Вахта),"Москва,",от 73 500 руб.,Вакансия опубликована 24 ноября 2022
Маркировщик - стикеровщик фруктов на склад (Вахта),"Москва,",от 73 500 руб.,Вакансия опубликована 24 ноября 2022
Упаковщик/ца колбасы (вахта),"Москва,",от 75 000 руб.,Вакансия опубликована 24 ноября 2022
Комплектовщик мягких игрушек,"Москва,",от 75 000 руб.,Вакансия опубликована 24 ноября 2022
Стикеровщик Мармелада (вахта),"Москва,",до 230 000 руб.,Вакансия опубликована 24 ноября 2022
Упаковщики творожков (вахта),"Москва,",до 265 000 руб.,Вакансия опубликована 24 ноября 2022
Упаковщик лимонов (Вахта),"Москва,",от 73 000 руб.,Вакансия опубликована 24 ноября 2022
Упаковщик теплой одежды,"Москва,",от 65 000 руб.,Вакансия опубликована 24 ноября 2022
Упаковщик-фасовщик семечек (Вахта),"Москва,",от 74 000 руб.,Вакансия опубликована 24 ноября 2022
Упаковщик/ца на склад фисташек,"Москва,",от 72 500 руб.,Вакансия опубликована 24 ноября 2022
Маркировщик электроники,"Москва,",до 245 000 руб.,Вакансия опубликована 24 ноября 2022
Упаковщик чехлов (вахта),"Москва,",до 255 000 руб.,Вакансия опубликована 24 ноября 2022
Фасовщик/ца (вахта),"Москва,",до 250 000 руб.,Вакансия опубликована 24 ноября 2022
Упаковщик пончиков (вахта),"Москва,",до 270 000 руб.,Вакансия опубликована 24 ноября 2022
Упаковщик/ца на аптечный склад,"Москва,",до 245 000 руб.,Вакансия опубликована 24 ноября 2022
Упаковщик/ца постельного белья (вахта),"Москва,",от 78 000 руб.,Вакансия опубликована 24 ноября 2022
Упаковщик-укладчик одежды (вахта),"Москва,",от 74 000 руб.,Вакансия опубликована 24 ноября 2022
Комплектовщик-упаковщик спорттоваров,"Москва,",от 82 000 руб.,Вакансия опубликована 24 ноября 2022
Упаковщик-укладчик верхней одежды (вахта),"Москва,",от 72 500 руб.,Вакансия опубликована 24 ноября 2022
